period,nodes,edges,density,avg_degree,clustering
pre,72897,13591,5.115264019495293e-06,0.3728822859651289,0.062090898204730495
post,33069,6028,1.1024889573422112e-05,0.3645710484139224,0.06475959670932334
